{
  "runs": [
    {
      "feedback": {
        "box_goal_pos_dist": 0.01179800268659505,
        "box_goal_rot_dist": 2.1197058313578134,
        "episode_energy": 9.564861456755128,
        "is_success": 0,
        "num_steps": 400,
        "reward": -60.80729428829509
      },
      "start_time": 1717162945.3426409,
      "end_time": 1717162953.3550432,
      "start_pos": {
        "time_redis": 1717162945.308,
        "pos": [
          0.5034614220419761,
          -0.004155460949003337,
          -0.01
        ],
        "quat": [
          0.0016149599865441543,
          0.0,
          0.0,
          -0.9999986959539396
        ]
      },
      "end_pos": {
        "time_redis": 1717162953.354,
        "pos": [
          0.5002945489503544,
          -0.002849837963244062,
          -0.01
        ],
        "quat": [
          0.4794989372121939,
          0.0,
          0.0,
          0.8775424600624043
        ]
      },
      "end_pos_delayed": {
        "time_redis": 1717162954.355,
        "pos": [
          0.474531832783219,
          0.0032161708932442537,
          -0.01
        ],
        "quat": [
          0.47101953518742595,
          0.0,
          0.0,
          0.8821227791366807
        ]
      },
      "experiment": "1-1",
      "rep": 0
    },
    {
      "feedback": {
        "box_goal_pos_dist": 0.02103509931369755,
        "box_goal_rot_dist": 0.8580716421365151,
        "episode_energy": 9.282465295327881,
        "is_success": 0,
        "num_steps": 400,
        "reward": -33.39119221992138
      },
      "start_time": 1717162971.083262,
      "end_time": 1717162979.1127849,
      "start_pos": {
        "time_redis": 1717162971.082,
        "pos": [
          0.5036937887983726,
          -0.005305310251897858,
          -0.01
        ],
        "quat": [
          0.7166384965190725,
          0.0,
          0.0,
          0.697444811656724
        ]
      },
      "end_pos": {
        "time_redis": 1717162979.094,
        "pos": [
          0.4991846507412942,
          0.009522376563816805,
          -0.01
        ],
        "quat": [
          0.9093672651516824,
          0.0,
          0.0,
          0.4159942031694067
        ]
      },
      "end_pos_delayed": {
        "time_redis": 1717162980.096,
        "pos": [
          0.46898924942096676,
          0.015375879328390574,
          -0.01
        ],
        "quat": [
          0.9073960985838112,
          0.0,
          0.0,
          0.42027648075389423
        ]
      },
      "experiment": "1-2",
      "rep": 0
    },
    {
      "feedback": {
        "box_goal_pos_dist": 0.015089041691101004,
        "box_goal_rot_dist": 1.0343310963444365,
        "episode_energy": 9.415763104098398,
        "is_success": 0,
        "num_steps": 400,
        "reward": -36.08018413448228
      },
      "start_time": 1717162996.424128,
      "end_time": 1717163004.450548,
      "start_pos": {
        "time_redis": 1717162996.424,
        "pos": [
          0.5082680846556586,
          -0.006425344487861627,
          -0.01
        ],
        "quat": [
          0.9999740271353933,
          0.0,
          0.0,
          -0.007207291767629972
        ]
      },
      "end_pos": {
        "time_redis": 1717163004.435,
        "pos": [
          0.5042001051394587,
          -0.0031459669654619674,
          -0.01
        ],
        "quat": [
          0.8692240745285488,
          0.0,
          0.0,
          -0.4944183534821375
        ]
      },
      "end_pos_delayed": {
        "time_redis": 1717163005.437,
        "pos": [
          0.47355232583835805,
          0.003212820377463725,
          -0.01
        ],
        "quat": [
          0.8775436016520444,
          0.0,
          0.0,
          -0.47949684795581093
        ]
      },
      "experiment": "1-3",
      "rep": 0
    },
    {
      "feedback": {
        "box_goal_pos_dist": 0.011532692230588453,
        "box_goal_rot_dist": 2.4857699607164525,
        "episode_energy": 9.56455298748946,
        "is_success": 0,
        "num_steps": 400,
        "reward": -68.09555937006223
      },
      "start_time": 1717163021.730572,
      "end_time": 1717163029.756782,
      "start_pos": {
        "time_redis": 1717163021.73,
        "pos": [
          0.5044256252142655,
          -0.005069784524013885,
          -0.01
        ],
        "quat": [
          0.694741986354061,
          0.0,
          0.0,
          -0.719259044014612
        ]
      },
      "end_pos": {
        "time_redis": 1717163029.743,
        "pos": [
          0.5093190612327088,
          0.00035588826555534026,
          -0.01
        ],
        "quat": [
          0.3220663683053331,
          0.0,
          0.0,
          -0.9467170931205442
        ]
      },
      "end_pos_delayed": {
        "time_redis": 1717163030.745,
        "pos": [
          0.4808428541269181,
          0.007603354876966534,
          -0.01
        ],
        "quat": [
          0.3367219686441107,
          0.0,
          0.0,
          -0.9416041184236794
        ]
      },
      "experiment": "1-4",
      "rep": 0
    },
    {
      "feedback": {
        "box_goal_pos_dist": 0.03692473258331838,
        "box_goal_rot_dist": 1.6726596608696704,
        "episode_energy": 18.399396283337666,
        "is_success": 0,
        "num_steps": 400,
        "reward": -59.5174994502614
      },
      "start_time": 1717163063.564157,
      "end_time": 1717163071.581672,
      "start_pos": {
        "time_redis": 1717163063.564,
        "pos": [
          0.49779381735377903,
          -0.1373882401372085,
          -0.01
        ],
        "quat": [
          0.01598874939415328,
          0.0,
          0.0,
          0.9998721717764805
        ]
      },
      "end_pos": {
        "time_redis": 1717163071.575,
        "pos": [
          0.510582246445427,
          -0.03526258045304419,
          -0.01
        ],
        "quat": [
          0.6701912908162071,
          0.0,
          0.0,
          0.7421884085015786
        ]
      },
      "end_pos_delayed": {
        "time_redis": 1717163072.579,
        "pos": [
          0.48753086872727946,
          -0.03204692749744079,
          -0.01
        ],
        "quat": [
          0.6952103475583333,
          0.0,
          0.0,
          0.7188063526763111
        ]
      },
      "experiment": "2-1",
      "rep": 0
    },
    {
      "feedback": {
        "box_goal_pos_dist": 0.039152041531219914,
        "box_goal_rot_dist": 0.2830789466488546,
        "episode_energy": 18.441731215854393,
        "is_success": 1,
        "num_steps": 400,
        "reward": 7.048774059923897
      },
      "start_time": 1717163088.739132,
      "end_time": 1717163096.754793,
      "start_pos": {
        "time_redis": 1717163088.739,
        "pos": [
          0.49382428823448543,
          -0.13861036962310466,
          -0.01
        ],
        "quat": [
          0.7151010361774176,
          0.0,
          0.0,
          0.6990211070189395
        ]
      },
      "end_pos": {
        "time_redis": 1717163096.752,
        "pos": [
          0.5119091524825996,
          -0.039661513373044535,
          -0.01
        ],
        "quat": [
          0.9934484245291989,
          0.0,
          0.0,
          0.1142813536866476
        ]
      },
      "end_pos_delayed": {
        "time_redis": 1717163097.751,
        "pos": [
          0.48585480986738566,
          -0.03773092653166874,
          -0.01
        ],
        "quat": [
          0.9955703154315502,
          0.0,
          0.0,
          0.09401992890618267
        ]
      },
      "experiment": "2-2",
      "rep": 0
    },
    {
      "feedback": {
        "box_goal_pos_dist": 0.039425382491409054,
        "box_goal_rot_dist": 1.3968112366080554,
        "episode_energy": 18.581187048991836,
        "is_success": 0,
        "num_steps": 400,
        "reward": -53.75990060849448
      },
      "start_time": 1717163114.280375,