{
  "runs": [
    {
      "feedback": {
        "box_goal_pos_dist": 0.11703726112962706,
        "box_goal_rot_dist": 0.6142755898488839,
        "episode_energy": 62.49409382790327,
        "is_success": 0,
        "num_steps": 200,
        "reward": -96.73055045335836
      },
      "start_time": 1711543132.363302,
      "end_time": 1711543136.422849,
      "start_pos": {
        "time_redis": 1711543132.363,
        "pos": [
          0.2954118333797415,
          -0.3670997113340862,
          -0.01
        ],
        "quat": [
          0.6898313788604343,
          0.0,
          0.0,
          -0.7239700744778833
        ]
      },
      "end_pos": {
        "time_redis": 1711543136.404,
        "pos": [
          0.5909531061264441,
          0.08852610695531965,
          -0.01
        ],
        "quat": [
          0.9532028082117324,
          0.0,
          0.0,
          -0.30233161663522273
        ]
      },
      "end_pos_delayed": {
        "time_redis": 1711543137.398,
        "pos": [
          0.5353975081548059,
          -0.022479411759708804,
          -0.01
        ],
        "quat": [
          0.7986673308562267,
          0.0,
          0.0,
          -0.6017727931894151
        ]
      },
      "experiment": "1-1",
      "rep": 0
    },
    {
      "feedback": {
        "box_goal_pos_dist": 0.07943780600497567,
        "box_goal_rot_dist": 0.6244509322914922,
        "episode_energy": 62.49409382790327,
        "is_success": 0,
        "num_steps": 200,
        "reward": -83.83334604076975
      },
      "start_time": 1711543163.759843,
      "end_time": 1711543168.681399,
      "start_pos": {
        "time_redis": 1711543163.759,
        "pos": [
          0.2998139424170644,
          -0.36366661685091894,
          -0.01
        ],
        "quat": [
          0.693119500056167,
          0.0,
          0.0,
          -0.7208226957039361
        ]
      },
      "end_pos": {
        "time_redis": 1711543168.638,
        "pos": [
          0.5843992827066719,
          0.03743577558623811,
          -0.01
        ],
        "quat": [
          0.9516523144681812,
          0.0,
          0.0,
          -0.3071772653816587
        ]
      },
      "end_pos_delayed": {
        "time_redis": 1711543169.632,
        "pos": [
          0.4571013912179579,
          -0.0438699586105042,
          -0.01
        ],
        "quat": [
          0.6050876835342471,
          0.0,
          0.0,
          -0.7961588379432579
        ]
      },
      "experiment": "1-1",
      "rep": 1
    },
    {
      "feedback": {
        "box_goal_pos_dist": 0.11764042856669676,
        "box_goal_rot_dist": 0.5797207371222854,
        "episode_energy": 62.49409382790327,
        "is_success": 0,
        "num_steps": 200,
        "reward": -95.838345204376
      },
      "start_time": 1711543200.169835,
      "end_time": 1711543204.2003891,
      "start_pos": {
        "time_redis": 1711543200.169,
        "pos": [
          0.3056982430162607,
          -0.3671935862631944,
          -0.01
        ],
        "quat": [
          0.6889232910808434,
          0.0,
          0.0,
          -0.7248342562312708
        ]
      },
      "end_pos": {
        "time_redis": 1711543204.129,
        "pos": [
          0.5847466933197649,
          0.09424456820780783,
          -0.01
        ],
        "quat": [
          0.9582837940917922,
          0.0,
          0.0,
          -0.2858184213465599
        ]
      },
      "end_pos_delayed": {
        "time_redis": 1711543205.199,
        "pos": [
          0.5230235186074779,
          -0.023753838632758758,
          -0.01
        ],
        "quat": [
          0.7870671509685926,
          0.0,
          0.0,
          -0.616867327604715
        ]
      },
      "experiment": "1-1",
      "rep": 2
    },
    {
      "feedback": {
        "box_goal_pos_dist": 0.11444972284070366,
        "box_goal_rot_dist": 2.133464099201765,
        "episode_energy": 62.49409382790327,
        "is_success": 0,
        "num_steps": 200,
        "reward": -144.17303854346815
      },
      "start_time": 1711543240.42868,
      "end_time": 1711543244.47966,
      "start_pos": {
        "time_redis": 1711543240.428,
        "pos": [
          0.29113470871803354,
          -0.36814716893750254,
          -0.01
        ],
        "quat": [
          0.034681937455306684,
          0.0,
          0.0,
          0.9993984006462872
        ]
      },
      "end_pos": {
        "time_redis": 1711543244.473,
        "pos": [
          0.5832116106895766,
          0.0913954178259223,
          -0.01
        ],
        "quat": [
          0.4829883079231684,
          0.0,
          0.0,
          -0.8756268008743878
        ]
      },
      "end_pos_delayed": {
        "time_redis": 1711543245.464,
        "pos": [
          0.5383412519865947,
          -0.01494228354468282,
          -0.01
        ],
        "quat": [
          0.29435999877130653,
          0.0,
          0.0,
          -0.9556946118522154
        ]
      },
      "experiment": "1-2",
      "rep": 0
    },
    {
      "feedback": {
        "box_goal_pos_dist": 0.12167268793051589,
        "box_goal_rot_dist": 2.128631100293627,
        "episode_energy": 62.49409382790327,
        "is_success": 0,
        "num_steps": 200,
        "reward": -146.55829271209447
      },
      "start_time": 1711543290.73101,
      "end_time": 1711543294.76242,
      "start_pos": {
        "time_redis": 1711543290.731,
        "pos": [
          0.2908863653301897,
          -0.3687813957442056,
          -0.01
        ],
        "quat": [
          0.03255039701937808,
          0.0,
          0.0,
          0.999470095427509
        ]
      },
      "end_pos": {
        "time_redis": 1711543294.688,
        "pos": [
          0.5839268044315977,
          0.09980291272899258,
          -0.01
        ],
        "quat": [
          0.4851028473530236,
          0.0,
          0.0,
          -0.8744571044310803
        ]
      },
      "end_pos_delayed": {
        "time_redis": 1711543295.76,
        "pos": [
          0.5277989506855031,
          -0.024750043500485368,
          -0.01
        ],
        "quat": [
          0.24752842297644467,
          0.0,
          0.0,
          -0.9688806323891471
        ]
      },
      "experiment": "1-2",
      "rep": 1
    },
    {
      "feedback": {
        "box_goal_pos_dist": 0.07566518766388222,
        "box_goal_rot_dist": 2.138964600612467,
        "episode_energy": 62.49409382790327,
        "is_success": 0,
        "num_steps": 200,
        "reward": -130.71416042020874
      },
      "start_time": 1711543735.391775,
      "end_time": 1711543739.978623,
      "start_pos": {
        "time_redis": 1711543735.391,
        "pos": [
          0.30124969690242764,
          -0.365167968108415,
          -0.01
        ],
        "quat": [
          0.03321952210598033,
          0.0,
          0.0,
          0.9994480793673448
        ]
      },
      "end_pos": {
        "time_redis": 1711543739.957,
        "pos": [
          0.5820170587908267,
          0.03377891894701619,
          -0.01
        ],
        "quat": [
          0.4805782911009242,
          0.0,
          0.0,
          -0.8769518265688915
        ]
      },
      "end_pos_delayed": {
        "time_redis": 1711543740.949,
        "pos": [
          0.4549868264159348,
          -0.05178401924136428,
          -0.01
        ],
        "quat": [
          0.00836435187625613,
          0.0,
          0.0,
          -0.999965018196894
        ]
      },
      "experiment": "1-2",
      "rep": 2
    },
    {
      "feedback": {
        "box_goal_pos_dist": 0.1236546058799263,
        "box_goal_rot_dist": 2.548548683587282,
        "episode_energy": 62.49409382790327,
        "is_success": 0,
        "num_steps": 200,
        "reward": -160.6242608059534
      },
      "start_time": 1711543764.264698,
      "end_time": 1711543768.293967,