{
  "runs": [
    {
      "feedback": {
        "box_goal_pos_dist": 0.07933341186693393,
        "box_goal_rot_dist": 0.9482900912552549,
        "episode_energy": 62.49409382790327,
        "is_success": 0,
        "num_steps": 200,
        "reward": -93.51228149996426
      },
      "start_time": 1711547308.5110881,
      "end_time": 1711547312.554658,
      "start_pos": {
        "time_redis": 1711547308.511,
        "pos": [
          0.288630308010506,
          -0.367234455634863,
          -0.01
        ],
        "quat": [
          0.7012935700036966,
          0.0,
          0.0,
          -0.7128725893674621
        ]
      },
      "end_pos": {
        "time_redis": 1711547312.551,
        "pos": [
          0.5248921083371761,
          0.07804537243322224,
          -0.01
        ],
        "quat": [
          0.8896654410903414,
          0.0,
          0.0,
          -0.45661296842022375
        ]
      },
      "end_pos_delayed": {
        "time_redis": 1711547313.544,
        "pos": [
          0.5442023404087903,
          0.04223680009303743,
          -0.01
        ],
        "quat": [
          0.8195466607213107,
          0.0,
          0.0,
          -0.5730124526574871
        ]
      },
      "experiment": "1-1",
      "rep": 0
    },
    {
      "feedback": {
        "box_goal_pos_dist": 0.0795160871343241,
        "box_goal_rot_dist": 0.9471336687838008,
        "episode_energy": 62.49409382790327,
        "is_success": 0,
        "num_steps": 200,
        "reward": -93.54184214938475
      },
      "start_time": 1711547358.6667619,
      "end_time": 1711547362.705003,
      "start_pos": {
        "time_redis": 1711547358.643,
        "pos": [
          0.2970587507834987,
          -0.36312383070935844,
          -0.01
        ],
        "quat": [
          0.6898878051275086,
          0.0,
          0.0,
          -0.7239163047869199
        ]
      },
      "end_pos": {
        "time_redis": 1711547362.689,
        "pos": [
          0.5286210334756705,
          0.07770915332394226,
          -0.01
        ],
        "quat": [
          0.8899472498452408,
          0.0,
          0.0,
          -0.45606347419289417
        ]
      },
      "end_pos_delayed": {
        "time_redis": 1711547363.681,
        "pos": [
          0.548073654965902,
          0.04303265780477201,
          -0.01
        ],
        "quat": [
          0.820562157132763,
          0.0,
          0.0,
          -0.5715572992112223
        ]
      },
      "experiment": "1-1",
      "rep": 1
    },
    {
      "feedback": {
        "box_goal_pos_dist": 0.07900004656667348,
        "box_goal_rot_dist": 0.958299465745723,
        "episode_energy": 62.49409382790327,
        "is_success": 0,
        "num_steps": 200,
        "reward": -93.71546630530348
      },
      "start_time": 1711547514.143563,
      "end_time": 1711547518.176929,
      "start_pos": {
        "time_redis": 1711547514.143,
        "pos": [
          0.2942559693784045,
          -0.36508753669656563,
          -0.01
        ],
        "quat": [
          0.6874108546237264,
          0.0,
          0.0,
          -0.7262687635754949
        ]
      },
      "end_pos": {
        "time_redis": 1711547518.11,
        "pos": [
          0.5266027950940358,
          0.07750874870529995,
          -0.01
        ],
        "quat": [
          0.8873872377566071,
          0.0,
          0.0,
          -0.46102482608499384
        ]
      },
      "end_pos_delayed": {
        "time_redis": 1711547519.18,
        "pos": [
          0.5456692763258663,
          0.042416056449490855,
          -0.01
        ],
        "quat": [
          0.817403091523602,
          0.0,
          0.0,
          -0.5760661298563369
        ]
      },
      "experiment": "1-1",
      "rep": 2
    }
  ],
  "agent": "sweep37-seed1700-realtime-damp12"
}