{
  "runs": [
    {
      "feedback": {
        "box_goal_pos_dist": 0.08344033014349274,
        "box_goal_rot_dist": 0.36175864050428713,
        "episode_energy": 62.49409382790327,
        "is_success": 0,
        "num_steps": 200,
        "reward": -75.77992237094328
      },
      "start_time": 1711542496.158133,
      "end_time": 1711542500.214137,
      "start_pos": {
        "time_redis": 1711542496.158,
        "pos": [
          0.29415758883698084,
          -0.36458027732151754,
          -0.01
        ],
        "quat": [
          0.6925445196861324,
          0.0,
          0.0,
          -0.7213751369798547
        ]
      },
      "end_pos": {
        "time_redis": 1711542500.19,
        "pos": [
          0.44527357070471124,
          -0.04464460634259358,
          -0.01
        ],
        "quat": [
          0.9836858881227954,
          0.0,
          0.0,
          -0.17989461778515572
        ]
      },
      "end_pos_delayed": {
        "time_redis": 1711542501.183,
        "pos": [
          0.4497624970537567,
          -0.04537902966973107,
          -0.01
        ],
        "quat": [
          0.9846859768888282,
          0.0,
          0.0,
          -0.17433739391907346
        ]
      },
      "experiment": "1-1",
      "rep": 0
    },
    {
      "feedback": {
        "box_goal_pos_dist": 0.060323103116601676,
        "box_goal_rot_dist": 0.3721219818362638,
        "episode_energy": 62.49409382790327,
        "is_success": 0,
        "num_steps": 200,
        "reward": -68.05629649936174
      },
      "start_time": 1711542553.625692,
      "end_time": 1711542557.667222,
      "start_pos": {
        "time_redis": 1711542553.549,
        "pos": [
          0.3031217144937327,
          -0.3649988132446801,
          -0.01
        ],
        "quat": [
          0.6904023185902978,
          0.0,
          0.0,
          -0.7234256274733022
        ]
      },
      "end_pos": {
        "time_redis": 1711542557.663,
        "pos": [
          0.45829414657565565,
          -0.01560686269488561,
          -0.01
        ],
        "quat": [
          0.9835430871465634,
          0.0,
          0.0,
          -0.18067372727158673
        ]
      },
      "end_pos_delayed": {
        "time_redis": 1711542558.657,
        "pos": [
          0.45686474812685807,
          -0.014699827381047949,
          -0.01
        ],
        "quat": [
          0.9829771272220167,
          0.0,
          0.0,
          -0.18372797108320568
        ]
      },
      "experiment": "1-1",
      "rep": 1
    }
  ],
  "agent": "sweep37-seed1700-realtime-2"
}