{
  "runs": [
    {
      "feedback": {
        "box_goal_pos_dist": 0.018266416178081255,
        "box_goal_rot_dist": 2.5363691914368736,
        "episode_energy": 20.116641898712384,
        "is_success": 0,
        "num_steps": 400,
        "reward": -71.43893856496288
      },
      "start_time": 1717162355.330944,
      "end_time": 1717162363.349559,
      "start_pos": {
        "time_redis": 1717162355.331,
        "pos": [
          0.5022282534594188,
          -0.003860024996334971,
          -0.01
        ],
        "quat": [
          0.008384558704962413,
          0.0,
          0.0,
          0.9999648489700353
        ]
      },
      "end_pos": {
        "time_redis": 1717162363.341,
        "pos": [
          0.5281378416732997,
          -0.005796403341561368,
          -0.01
        ],
        "quat": [
          0.30547135156371613,
          0.0,
          0.0,
          -0.9522012672612009
        ]
      },
      "end_pos_delayed": {
        "time_redis": 1717162364.343,
        "pos": [
          0.5100386031757865,
          -0.005429861126022138,
          -0.01
        ],
        "quat": [
          0.3340976544580122,
          0.0,
          0.0,
          -0.9425384646186354
        ]
      },
      "experiment": "1-1",
      "rep": 0
    },
    {
      "feedback": {
        "box_goal_pos_dist": 0.016521008498659444,
        "box_goal_rot_dist": 2.213465917754236,
        "episode_energy": 19.76155500837406,
        "is_success": 0,
        "num_steps": 400,
        "reward": -64.43597324632472
      },
      "start_time": 1717162382.207697,
      "end_time": 1717162390.236078,
      "start_pos": {
        "time_redis": 1717162382.174,
        "pos": [
          0.5011250213143701,
          -0.00402428500392933,
          -0.01
        ],
        "quat": [
          0.7083844521694518,
          0.0,
          0.0,
          0.7058267973976233
        ]
      },
      "end_pos": {
        "time_redis": 1717162390.22,
        "pos": [
          0.528100516629825,
          -0.0016438118291725937,
          -0.01
        ],
        "quat": [
          0.44758542291782644,
          0.0,
          0.0,
          0.8942411806618339
        ]
      },
      "end_pos_delayed": {
        "time_redis": 1717162391.219,
        "pos": [
          0.5114838584270803,
          -0.0019815094094980668,
          -0.01
        ],
        "quat": [
          0.41814267649208725,
          0.0,
          0.0,
          0.9083813637982857
        ]
      },
      "experiment": "1-2",
      "rep": 0
    },
    {
      "feedback": {
        "box_goal_pos_dist": 0.014298620482699014,
        "box_goal_rot_dist": 0.6211587216502577,
        "episode_energy": 19.844663141925437,
        "is_success": 0,
        "num_steps": 400,
        "reward": -24.40380894598469
      },
      "start_time": 1717162408.583086,
      "end_time": 1717162416.599382,
      "start_pos": {
        "time_redis": 1717162408.583,
        "pos": [
          0.5045384698283282,
          -0.005622528059343502,
          -0.01
        ],
        "quat": [
          0.9999999242696277,
          0.0,
          0.0,
          -0.0003891795715317764
        ]
      },
      "end_pos": {
        "time_redis": 1717162416.593,
        "pos": [
          0.5249465589677776,
          -0.0025622393660968065,
          -0.01
        ],
        "quat": [
          0.9521566710426321,
          0.0,
          0.0,
          0.3056103299775921
        ]
      },
      "end_pos_delayed": {
        "time_redis": 1717162417.594,
        "pos": [
          0.5097562982270663,
          -0.003877508452738404,
          -0.01
        ],
        "quat": [
          0.9420065641891585,
          0.0,
          0.0,
          0.33559444724926063
        ]
      },
      "experiment": "1-3",
      "rep": 0
    },
    {
      "feedback": {
        "box_goal_pos_dist": 0.01712271258624255,
        "box_goal_rot_dist": 2.5223747217729318,
        "episode_energy": 19.885894420972182,
        "is_success": 0,
        "num_steps": 400,
        "reward": -70.77275944345516
      },
      "start_time": 1717162434.256887,
      "end_time": 1717162442.292843,
      "start_pos": {
        "time_redis": 1717162434.223,
        "pos": [
          0.5007430620847034,
          -0.004767427043670844,
          -0.01
        ],
        "quat": [
          0.7008939150119472,
          0.0,
          0.0,
          -0.7132655325327485
        ]
      },
      "end_pos": {
        "time_redis": 1717162442.267,
        "pos": [
          0.5283742607609248,
          -0.003965766212194986,
          -0.01
        ],
        "quat": [
          0.30468621823766173,
          0.0,
          0.0,
          -0.952452785399902
        ]
      },
      "end_pos_delayed": {
        "time_redis": 1717162443.27,
        "pos": [
          0.5149224824645998,
          -0.005086076246575838,
          -0.01
        ],
        "quat": [
          0.3354408322585363,
          0.0,
          0.0,
          -0.9420612761671612
        ]
      },
      "experiment": "1-4",
      "rep": 0
    },
    {
      "feedback": {
        "box_goal_pos_dist": 0.04863181888053595,
        "box_goal_rot_dist": 2.9183568955741,
        "episode_energy": 20.733494201011222,
        "is_success": 0,
        "num_steps": 400,
        "reward": -88.80962318272913
      },
      "start_time": 1717162462.6660218,
      "end_time": 1717162470.677789,
      "start_pos": {
        "time_redis": 1717162462.665,
        "pos": [
          0.48635669551054767,
          -0.1382159873196599,
          -0.01
        ],
        "quat": [
          0.02061644288166236,
          0.0,
          0.0,
          0.9997874585545518
        ]
      },
      "end_pos": {
        "time_redis": 1717162470.677,
        "pos": [
          0.5615404523871694,
          0.0007917570401287585,
          -0.01
        ],
        "quat": [
          0.11291037720741352,
          0.0,
          0.0,
          0.9936051764754854
        ]
      },
      "end_pos_delayed": {
        "time_redis": 1717162471.647,
        "pos": [
          0.5586667395396595,
          0.0051821728250271825,
          -0.01
        ],
        "quat": [
          0.09526361497918284,
          0.0,
          0.0,
          0.9954520800425768
        ]
      },
      "experiment": "2-1",
      "rep": 0
    },
    {
      "feedback": {
        "box_goal_pos_dist": 0.05250584573851898,
        "box_goal_rot_dist": 1.316715123245953,
        "episode_energy": 20.635078330346587,
        "is_success": 0,
        "num_steps": 400,
        "reward": -56.36427748332608
      },
      "start_time": 1717162487.504787,
      "end_time": 1717162495.517014,
      "start_pos": {
        "time_redis": 1717162487.504,
        "pos": [
          0.4968138341025005,
          -0.13831797351672032,
          -0.01
        ],
        "quat": [
          0.7136952584635573,
          0.0,
          0.0,
          0.7004563355746283
        ]
      },
      "end_pos": {
        "time_redis": 1717162495.483,
        "pos": [
          0.5665865251138229,
          -0.001069656945054124,
          -0.01
        ],
        "quat": [
          0.7909981721491032,
          0.0,
          0.0,
          0.6118185120252392
        ]
      },
      "end_pos_delayed": {
        "time_redis": 1717162496.518,
        "pos": [
          0.5573330641899041,
          0.004934758652488233,
          -0.01
        ],
        "quat": [
          0.7778912428772609,
          0.0,
          0.0,
          0.6283989292279788
        ]
      },
      "experiment": "2-2",
      "rep": 0
    },
    {
      "feedback": {
        "box_goal_pos_dist": 0.05057613669022846,
        "box_goal_rot_dist": 0.2830789466488546,
        "episode_energy": 20.742557387747617,
        "is_success": 0,
        "num_steps": 400,
        "reward": -26.97812621513489
      },
      "start_time": 1717162512.311272,