{
  "runs": [
    {
      "feedback": {
        "box_goal_pos_dist": 0.12372504531304371,
        "box_goal_rot_dist": 2.2073568105357833,
        "episode_energy": 62.49409382790327,
        "is_success": 0,
        "num_steps": 200,
        "reward": -148.5766560833012
      },
      "start_time": 1711031644.9359648,
      "end_time": 1711031652.032762,
      "start_pos": {
        "time_redis": 1711031644.905,
        "pos": [
          0.2743131055817465,
          -0.3697808787668701,
          -0.02315637665154753
        ],
        "quat": [
          0.0060976432307061346,
          -0.025238673501756247,
          0.013547965326059407,
          1.0348017430652554
        ]
      },
      "end_pos": {
        "time_redis": 1711031651.99,
        "pos": [
          0.41209169581559857,
          -0.06553079189667392,
          -0.02031262858729639
        ],
        "quat": [
          0.450314838245099,
          -0.01681677782824545,
          0.00025014543809594457,
          0.8957011712812835
        ]
      },
      "end_pos_delayed": {
        "time_redis": 1711031653.001,
        "pos": [
          0.4004127160530017,
          -0.06363561691162306,
          -0.02038608569886554
        ],
        "quat": [
          0.425786543444476,
          -0.01593139191019323,
          0.0020633492711811794,
          0.9076318485453249
        ]
      },
      "experiment": "1-2",
      "rep": 0
    },
    {
      "feedback": {
        "box_goal_pos_dist": 0.12841615042316018,
        "box_goal_rot_dist": 0.4524369650007033,
        "episode_energy": 62.49409382790327,
        "is_success": 0,
        "num_steps": 200,
        "reward": -94.35192210138639
      },
      "start_time": 1711031705.029141,
      "end_time": 1711031711.781589,
      "start_pos": {
        "time_redis": 1711031705.029,
        "pos": [
          0.27748589094462145,
          -0.3684512191394716,
          -0.016829464680765897
        ],
        "quat": [
          0.7099287482861735,
          -0.020675575253511193,
          0.0037343777552834192,
          0.7039693940103543
        ]
      },
      "end_pos": {
        "time_redis": 1711031711.736,
        "pos": [
          0.40693593863757427,
          -0.06567659349560732,
          -0.02209131579978487
        ],
        "quat": [
          0.9745215323001155,
          -0.012446851157046194,
          -0.013689007080938983,
          0.2235617437443388
        ]
      },
      "end_pos_delayed": {
        "time_redis": 1711031712.721,
        "pos": [
          0.39986096149228423,
          -0.06673291933734028,
          -0.018442025640482078
        ],
        "quat": [
          0.949974254378248,
          -0.01018987719711598,
          -0.004583935795303069,
          0.3121518385694518
        ]
      },
      "experiment": "1-3",
      "rep": 0
    },
    {
      "feedback": {
        "box_goal_pos_dist": 0.137588359917082,
        "box_goal_rot_dist": 1.1587422253734176,
        "episode_energy": 62.49409382790327,
        "is_success": 0,
        "num_steps": 200,
        "reward": -120.02795126701227
      },
      "start_time": 1711031772.7442749,
      "end_time": 1711031782.0484722,
      "start_pos": {
        "time_redis": 1711031772.744,
        "pos": [
          0.4384165692238011,
          -0.3628462703230414,
          -0.022534963690461936
        ],
        "quat": [
          0.9245711076891643,
          -0.023231960691498407,
          -0.005675425351446937,
          0.38026530722528207
        ]
      },
      "end_pos": {
        "time_redis": 1711031782.021,
        "pos": [
          0.3937925097978596,
          -0.060441179706739886,
          -0.0239447379269693
        ],
        "quat": [
          0.8368071297835263,
          -0.0014040503604095152,
          -0.016741324511654145,
          -0.5472681229272375
        ]
      },
      "end_pos_delayed": {
        "time_redis": 1711031783.012,
        "pos": [
          0.38907009656252944,
          -0.062011182048425414,
          -0.020862113591135066
        ],
        "quat": [
          0.8609928387426626,
          -0.0058562830448121205,
          -0.012513475203118461,
          -0.5084594375328384
        ]
      },
      "experiment": "2-3",
      "rep": 0
    }
  ],
  "agent": "sweep37-fails"
}