{
  "runs": [
    {
      "feedback": {
        "box_goal_pos_dist": 0.13337732326068097,
        "box_goal_rot_dist": 2.6977129792404813,
        "episode_energy": 13.602513740101998,
        "is_success": 0,
        "num_steps": 400,
        "reward": -115.02532124128793
      },
      "start_time": 1714925646.636694,
      "end_time": 1714925654.653973,
      "start_pos": {
        "time_redis": 1714925646.603,
        "pos": [
          0.418361456162078,
          0.01850149012912626,
          -0.01
        ],
        "quat": [
          0.3454279226150344,
          0.0,
          0.0,
          -0.9384452835822991
        ]
      },
      "end_pos": {
        "time_redis": 1714925654.648,
        "pos": [
          0.3824546131945387,
          -0.01035461038702096,
          -0.01
        ],
        "quat": [
          0.2201222934490208,
          0.0,
          0.0,
          0.9754722835256484
        ]
      },
      "end_pos_delayed": {
        "time_redis": 1714925655.648,
        "pos": [
          0.42570651203853555,
          0.02656803842466004,
          -0.01
        ],
        "quat": [
          0.4812824430949658,
          0.0,
          0.0,
          0.8765655765363712
        ]
      },
      "experiment": "1-1",
      "rep": 0
    }
  ],
  "agent": "test76"
}