{
  "runs": [
    {
      "feedback": {
        "box_goal_pos_dist": 0.08808685826807867,
        "box_goal_rot_dist": 2.316485773153329,
        "episode_energy": 8.912642460043235,
        "is_success": 0,
        "num_steps": 200,
        "reward": -91.30788343945026
      },
      "start_time": 1715952425.34308,
      "end_time": 1715952429.3720582,
      "start_pos": {
        "time_redis": 1715952425.343,
        "pos": [
          0.3921760866860512,
          -0.16267611778064486,
          -0.01
        ],
        "quat": [
          0.21901076748400278,
          0.0,
          0.0,
          0.9757224419506134
        ]
      },
      "end_pos": {
        "time_redis": 1715952429.35,
        "pos": [
          0.6001010288248944,
          -0.02064223529827551,
          -0.01
        ],
        "quat": [
          0.4009498391565359,
          0.0,
          0.0,
          0.9161000089948412
        ]
      },
      "end_pos_delayed": {
        "time_redis": 1715952430.353,
        "pos": [
          0.5563637533363377,
          -0.04345948787551477,
          -0.01
        ],
        "quat": [
          0.38077925521425665,
          0.0,
          0.0,
          0.9246659714721182
        ]
      },
      "experiment": "1-1",
      "rep": 0
    },
    {
      "feedback": {
        "box_goal_pos_dist": 0.06704967022403457,
        "box_goal_rot_dist": 2.3645580104823893,
        "episode_energy": 8.877185923479912,
        "is_success": 0,
        "num_steps": 200,
        "reward": -84.90385897047095
      },
      "start_time": 1715952451.919761,
      "end_time": 1715952455.941448,
      "start_pos": {
        "time_redis": 1715952451.886,
        "pos": [
          0.39241301081673546,
          -0.16274346412615628,
          -0.01
        ],
        "quat": [
          0.22800890733586368,
          0.0,
          0.0,
          0.9736590461632373
        ]
      },
      "end_pos": {
        "time_redis": 1715952455.924,
        "pos": [
          0.5786317501883267,
          -0.01879845014873783,
          -0.01
        ],
        "quat": [
          0.37881665500702577,
          0.0,
          0.0,
          0.9254717401894498
        ]
      },
      "end_pos_delayed": {
        "time_redis": 1715952456.926,
        "pos": [
          0.5370915336820948,
          -0.04103497637656772,
          -0.01
        ],
        "quat": [
          0.34658541339343,
          0.0,
          0.0,
          0.9380184173154096
        ]
      },
      "experiment": "1-1",
      "rep": 1
    },
    {
      "feedback": {
        "box_goal_pos_dist": 0.07863245052143404,
        "box_goal_rot_dist": 0.6813892029868976,
        "episode_energy": 8.874268802345961,
        "is_success": 0,
        "num_steps": 200,
        "reward": -48.368247480016684
      },
      "start_time": 1715952474.422271,
      "end_time": 1715952478.442868,
      "start_pos": {
        "time_redis": 1715952474.422,
        "pos": [
          0.3918812343730505,
          -0.16067789908466157,
          -0.01
        ],
        "quat": [
          0.8472585706047296,
          0.0,
          0.0,
          0.5311806797473251
        ]
      },
      "end_pos": {
        "time_redis": 1715952478.428,
        "pos": [
          0.5897965774622039,
          -0.022280877003869368,
          -0.01
        ],
        "quat": [
          0.9425227974887314,
          0.0,
          0.0,
          0.3341418504378283
        ]
      },
      "end_pos_delayed": {
        "time_redis": 1715952479.429,
        "pos": [
          0.5560687867846211,
          -0.044220158044725594,
          -0.01
        ],
        "quat": [
          0.9266158900526477,
          0.0,
          0.0,
          0.3760092981588881
        ]
      },
      "experiment": "1-2",
      "rep": 0
    },
    {
      "feedback": {
        "box_goal_pos_dist": 0.07813422972429976,
        "box_goal_rot_dist": 0.6650930982366565,
        "episode_energy": 8.954097624022683,
        "is_success": 0,
        "num_steps": 200,
        "reward": -47.731814287662814
      },
      "start_time": 1715952522.4990919,
      "end_time": 1715952526.5173,
      "start_pos": {
        "time_redis": 1715952522.499,
        "pos": [
          0.3911473074039643,
          -0.16259536544242115,
          -0.01
        ],
        "quat": [
          0.8470657684406669,
          0.0,
          0.0,
          0.5314880844722885
        ]
      },
      "end_pos": {
        "time_redis": 1715952526.505,
        "pos": [
          0.5887232256211212,
          -0.024034009454366033,
          -0.01
        ],
        "quat": [
          0.9452140854327995,
          0.0,
          0.0,
          0.3264511183920749
        ]
      },
      "end_pos_delayed": {
        "time_redis": 1715952527.506,
        "pos": [
          0.5595329465604576,
          -0.04697818894982195,
          -0.01
        ],
        "quat": [
          0.9288652828516879,
          0.0,
          0.0,
          0.3704177186810235
        ]
      },
      "experiment": "1-2",
      "rep": 1
    }
  ],
  "agent": "sweep88-amber"
}